Title,Element Name
Machine Learning Engineers,Python
Machine Learning Engineers,TensorFlow
Machine Learning Engineers,PyTorch
Machine Learning Engineers,Scikit-learn
Machine Learning Engineers,Deep Learning
Machine Learning Engineers,Natural Language Processing
Machine Learning Engineers,Computer Vision
Machine Learning Engineers,Model Deployment
Machine Learning Engineers,Kubernetes
Machine Learning Engineers,Docker
Machine Learning Engineers,MLflow
Machine Learning Engineers,Experiment Tracking
Machine Learning Engineers,SQL
Machine Learning Engineers,Data Pipelines
Machine Learning Engineers,Feature Engineering
Machine Learning Engineers,A/B Testing
Machine Learning Engineers,Statistics
Machine Learning Engineers,Apache Spark
Machine Learning Engineers,Airflow
Machine Learning Engineers,Kafka
Software Engineers,Python
Software Engineers,Java
Software Engineers,SQL
Software Engineers,REST APIs
Software Engineers,Git
Software Engineers,Docker
Software Engineers,AWS
Software Engineers,Agile
Software Engineers,System Design
Software Engineers,Testing
Data Scientists,Python
Data Scientists,R
Data Scientists,Machine Learning
Data Scientists,Statistics
Data Scientists,Data Visualisation
Data Scientists,SQL
Data Scientists,Pandas
Data Scientists,NumPy
Data Scientists,Jupyter
Data Scientists,Tableau
